{"cameraMode":{"drawMode":0,"name":"Shaded","section":"Shading Mode"},"sceneLighting":true,"audioPlay":false,"sceneViewState":{"showFog":true,"showMaterialUpdate":true,"showSkybox":true,"showFlares":true,"showImageEffects":true,"showParticleSystems":true},"in2DMode":false,"pivot":{"x":20.535154342651368,"y":12.934306144714356,"z":29.123889923095704},"rotation":{"x":0.23070399463176728,"y":0.28699713945388796,"z":-0.07140602171421051,"w":0.9269895553588867},"size":45.21037292480469,"orthographic":true}