{"cameraMode":{"drawMode":0,"name":"Shaded","section":"Shading Mode"},"sceneLighting":false,"audioPlay":false,"sceneViewState":{"showFog":true,"showMaterialUpdate":true,"showSkybox":false,"showFlares":true,"showImageEffects":true,"showParticleSystems":true},"in2DMode":false,"pivot":{"x":1.3100004196166993,"y":-0.039999961853027347,"z":60.93000030517578},"rotation":{"x":-0.24555332958698274,"y":-0.013353646732866764,"z":0.003458188148215413,"w":-0.9692848920822144},"size":28.5788516998291,"orthographic":true}