{"cameraMode":{"drawMode":0,"name":"Shaded","section":"Shading Mode"},"sceneLighting":false,"audioPlay":false,"sceneViewState":{"showFog":true,"showMaterialUpdate":true,"showSkybox":false,"showFlares":true,"showImageEffects":true,"showParticleSystems":true},"in2DMode":false,"pivot":{"x":3.4502956867218019,"y":1.501359462738037,"z":-0.002227477729320526},"rotation":{"x":0.25693172216415408,"y":0.23225834965705872,"z":-0.06373930722475052,"w":0.935937762260437},"size":5.921698093414307,"orthographic":true}