{"cameraMode":{"drawMode":0,"name":"Shaded","section":"Shading Mode"},"sceneLighting":true,"audioPlay":false,"sceneViewState":{"showFog":true,"showMaterialUpdate":true,"showSkybox":true,"showFlares":true,"showImageEffects":true,"showParticleSystems":true},"in2DMode":false,"pivot":{"x":12.661027908325196,"y":-10.236145973205567,"z":13.345844268798829},"rotation":{"x":0.14475396275520326,"y":0.4039457142353058,"z":-0.06490006297826767,"w":0.900922954082489},"size":60.27557373046875,"orthographic":false}